<schema name="default-config" version="1.6">
  <uniqueKey>id</uniqueKey>
  <fieldType name="_nest_path_" class="solr.NestPathField" maxCharsForDocValues="-1" omitNorms="true" omitTermFreqAndPositions="true" stored="false" multiValued="false"/>
  <fieldType name="ancestor_path" class="solr.TextField">
    <analyzer type="index">
      <tokenizer name="keyword"/>
    </analyzer>
    <analyzer type="query">
      <tokenizer name="pathHierarchy" delimiter="/"/>
    </analyzer>
  </fieldType>
  <fieldType name="binary" class="solr.BinaryField"/>
  <fieldType name="chunk-vector_384" class="solr.DenseVectorField" hnswMaxConnections="16" vectorDimension="384" similarityFunction="cosine" hnswBeamWidth="100"/>
  <fieldType name="boolean" class="solr.BoolField" sortMissingLast="true"/>
  <fieldType name="booleans" class="solr.BoolField" sortMissingLast="true" multiValued="true"/>
  <fieldType name="delimited_payloads_float" class="solr.TextField" indexed="true" stored="false">
    <analyzer>
      <tokenizer name="whitespace"/>
      <filter encoder="float" name="delimitedPayload"/>
    </analyzer>
  </fieldType>
  <fieldType name="delimited_payloads_int" class="solr.TextField" indexed="true" stored="false">
    <analyzer>
      <tokenizer name="whitespace"/>
      <filter encoder="integer" name="delimitedPayload"/>
    </analyzer>
  </fieldType>
  <fieldType name="delimited_payloads_string" class="solr.TextField" indexed="true" stored="false">
    <analyzer>
      <tokenizer name="whitespace"/>
      <filter encoder="identity" name="delimitedPayload"/>
    </analyzer>
  </fieldType>
  <fieldType name="descendent_path" class="solr.TextField">
    <analyzer type="index">
      <tokenizer name="pathHierarchy" delimiter="/"/>
    </analyzer>
    <analyzer type="query">
      <tokenizer name="keyword"/>
    </analyzer>
  </fieldType>
  <fieldType name="ignored" class="solr.StrField" indexed="false" stored="false" multiValued="true"/>
  <fieldType name="location" class="solr.LatLonPointSpatialField" docValues="true"/>
  <fieldType name="location_rpt" class="solr.SpatialRecursivePrefixTreeFieldType" geo="true" maxDistErr="0.001" distErrPct="0.025" distanceUnits="kilometers"/>
  <fieldType name="lowercase" class="solr.TextField" positionIncrementGap="100">
    <analyzer>
      <tokenizer name="keyword"/>
      <filter name="lowercase"/>
    </analyzer>
  </fieldType>
  <fieldType name="pdate" class="solr.DatePointField" docValues="true"/>
  <fieldType name="pdates" class="solr.DatePointField" docValues="true" multiValued="true"/>
  <fieldType name="pdouble" class="solr.DoublePointField" docValues="true"/>
  <fieldType name="pdoubles" class="solr.DoublePointField" docValues="true" multiValued="true"/>
  <fieldType name="pfloat" class="solr.FloatPointField" docValues="true"/>
  <fieldType name="pfloats" class="solr.FloatPointField" docValues="true" multiValued="true"/>
  <fieldType name="phonetic_en" class="solr.TextField" indexed="true" stored="false">
    <analyzer>
      <tokenizer name="standard"/>
      <filter inject="false" name="doubleMetaphone"/>
    </analyzer>
  </fieldType>
  <fieldType name="pint" class="solr.IntPointField" docValues="true"/>
  <fieldType name="pints" class="solr.IntPointField" docValues="true" multiValued="true"/>
  <fieldType name="plong" class="solr.LongPointField" docValues="true"/>
  <fieldType name="plongs" class="solr.LongPointField" docValues="true" multiValued="true"/>
  <fieldType name="point" class="solr.PointType" subFieldSuffix="_d" dimension="2"/>
  <fieldType name="random" class="solr.RandomSortField" indexed="true"/>
  <fieldType name="rank" class="solr.RankField"/>
  <fieldType name="string" class="solr.StrField" sortMissingLast="true" docValues="true"/>
  <fieldType name="strings" class="solr.StrField" sortMissingLast="true" docValues="true" multiValued="true"/>
  <fieldType name="text_ar" class="solr.TextField" positionIncrementGap="100">
    <analyzer>
      <tokenizer name="standard"/>
      <filter name="lowercase"/>
      <filter name="stop" ignoreCase="true" words="lang/stopwords_ar.txt"/>
      <filter name="arabicNormalization"/>
      <filter name="arabicStem"/>
    </analyzer>
  </fieldType>
  <fieldType name="text_bg" class="solr.TextField" positionIncrementGap="100">
    <analyzer>
      <tokenizer name="standard"/>
      <filter name="lowercase"/>
      <filter name="stop" ignoreCase="true" words="lang/stopwords_bg.txt"/>
      <filter name="bulgarianStem"/>
    </analyzer>
  </fieldType>
  <fieldType name="text_ca" class="solr.TextField" positionIncrementGap="100">
    <analyzer>
      <tokenizer name="standard"/>
      <filter articles="lang/contractions_ca.txt" name="elision" ignoreCase="true"/>
      <filter name="lowercase"/>
      <filter name="stop" ignoreCase="true" words="lang/stopwords_ca.txt"/>
      <filter language="Catalan" name="snowballPorter"/>
    </analyzer>
  </fieldType>
  <fieldType name="text_cjk" class="solr.TextField" positionIncrementGap="100">
    <analyzer>
      <tokenizer name="standard"/>
      <filter name="CJKWidth"/>
      <filter name="lowercase"/>
      <filter name="CJKBigram"/>
    </analyzer>
  </fieldType>
  <fieldType name="text_cz" class="solr.TextField" positionIncrementGap="100">
    <analyzer>
      <tokenizer name="standard"/>
      <filter name="lowercase"/>
      <filter name="stop" ignoreCase="true" words="lang/stopwords_cz.txt"/>
      <filter name="czechStem"/>
    </analyzer>
  </fieldType>
  <fieldType name="text_da" class="solr.TextField" positionIncrementGap="100">
    <analyzer>
      <tokenizer name="standard"/>
      <filter name="lowercase"/>
      <filter words="lang/stopwords_da.txt" name="stop" format="snowball" ignoreCase="true"/>
      <filter language="Danish" name="snowballPorter"/>
    </analyzer>
  </fieldType>
  <fieldType name="text_de" class="solr.TextField" positionIncrementGap="100">
    <analyzer>
      <tokenizer name="standard"/>
      <filter name="lowercase"/>
      <filter words="lang/stopwords_de.txt" name="stop" format="snowball" ignoreCase="true"/>
      <filter name="germanNormalization"/>
      <filter name="germanLightStem"/>
    </analyzer>
  </fieldType>
  <fieldType name="text_el" class="solr.TextField" positionIncrementGap="100">
    <analyzer>
      <tokenizer name="standard"/>
      <filter name="greekLowercase"/>
      <filter name="stop" ignoreCase="false" words="lang/stopwords_el.txt"/>
      <filter name="greekStem"/>
    </analyzer>
  </fieldType>
  <fieldType name="text_en" class="solr.TextField" positionIncrementGap="100">
    <analyzer type="index">
      <tokenizer name="standard"/>
      <filter name="stop" ignoreCase="true" words="lang/stopwords_en.txt"/>
      <filter name="lowercase"/>
      <filter name="englishPossessive"/>
      <filter protected="protwords.txt" name="keywordMarker"/>
      <filter name="porterStem"/>
    </analyzer>
    <analyzer type="query">
      <tokenizer name="standard"/>
      <filter synonyms="synonyms.txt" name="synonymGraph" expand="true" ignoreCase="true"/>
      <filter name="stop" ignoreCase="true" words="lang/stopwords_en.txt"/>
      <filter name="lowercase"/>
      <filter name="englishPossessive"/>
      <filter protected="protwords.txt" name="keywordMarker"/>
      <filter name="porterStem"/>
    </analyzer>
  </fieldType>
  <fieldType name="text_en_splitting" class="solr.TextField" autoGeneratePhraseQueries="true" positionIncrementGap="100">
    <analyzer type="index">
      <tokenizer name="whitespace"/>
      <filter name="stop" ignoreCase="true" words="lang/stopwords_en.txt"/>
      <filter generateNumberParts="1" generateWordParts="1" catenateAll="0" name="wordDelimiterGraph" splitOnCaseChange="1" catenateNumbers="1" catenateWords="1"/>
      <filter name="lowercase"/>
      <filter protected="protwords.txt" name="keywordMarker"/>
      <filter name="porterStem"/>
      <filter name="flattenGraph"/>
    </analyzer>
    <analyzer type="query">
      <tokenizer name="whitespace"/>
      <filter synonyms="synonyms.txt" name="synonymGraph" expand="true" ignoreCase="true"/>
      <filter name="stop" ignoreCase="true" words="lang/stopwords_en.txt"/>
      <filter generateNumberParts="1" generateWordParts="1" catenateAll="0" name="wordDelimiterGraph" splitOnCaseChange="1" catenateNumbers="0" catenateWords="0"/>
      <filter name="lowercase"/>
      <filter protected="protwords.txt" name="keywordMarker"/>
      <filter name="porterStem"/>
    </analyzer>
  </fieldType>
  <fieldType name="text_en_splitting_tight" class="solr.TextField" autoGeneratePhraseQueries="true" positionIncrementGap="100">
    <analyzer type="index">
      <tokenizer name="whitespace"/>
      <filter synonyms="synonyms.txt" name="synonymGraph" expand="false" ignoreCase="true"/>
      <filter name="stop" ignoreCase="true" words="lang/stopwords_en.txt"/>
      <filter catenateWords="1" name="wordDelimiterGraph" generateNumberParts="0" catenateAll="0" generateWordParts="0" catenateNumbers="1"/>
      <filter name="lowercase"/>
      <filter protected="protwords.txt" name="keywordMarker"/>
      <filter name="englishMinimalStem"/>
      <filter name="removeDuplicates"/>
      <filter name="flattenGraph"/>
    </analyzer>
    <analyzer type="query">
      <tokenizer name="whitespace"/>
      <filter synonyms="synonyms.txt" name="synonymGraph" expand="false" ignoreCase="true"/>
      <filter name="stop" ignoreCase="true" words="lang/stopwords_en.txt"/>
      <filter catenateWords="1" name="wordDelimiterGraph" generateNumberParts="0" catenateAll="0" generateWordParts="0" catenateNumbers="1"/>
      <filter name="lowercase"/>
      <filter protected="protwords.txt" name="keywordMarker"/>
      <filter name="englishMinimalStem"/>
      <filter name="removeDuplicates"/>
    </analyzer>
  </fieldType>
  <fieldType name="text_es" class="solr.TextField" positionIncrementGap="100">
    <analyzer>
      <tokenizer name="standard"/>
      <filter name="lowercase"/>
      <filter words="lang/stopwords_es.txt" name="stop" format="snowball" ignoreCase="true"/>
      <filter name="spanishLightStem"/>
    </analyzer>
  </fieldType>
  <fieldType name="text_et" class="solr.TextField" positionIncrementGap="100">
    <analyzer>
      <tokenizer name="standard"/>
      <filter name="lowercase"/>
      <filter name="stop" ignoreCase="true" words="lang/stopwords_et.txt"/>
      <filter language="Estonian" name="snowballPorter"/>
    </analyzer>
  </fieldType>
  <fieldType name="text_eu" class="solr.TextField" positionIncrementGap="100">
    <analyzer>
      <tokenizer name="standard"/>
      <filter name="lowercase"/>
      <filter name="stop" ignoreCase="true" words="lang/stopwords_eu.txt"/>
      <filter language="Basque" name="snowballPorter"/>
    </analyzer>
  </fieldType>
  <fieldType name="text_fa" class="solr.TextField" positionIncrementGap="100">
    <analyzer>
      <charFilter name="persian"/>
      <tokenizer name="standard"/>
      <filter name="lowercase"/>
      <filter name="arabicNormalization"/>
      <filter name="persianNormalization"/>
      <filter name="stop" ignoreCase="true" words="lang/stopwords_fa.txt"/>
    </analyzer>
  </fieldType>
  <fieldType name="text_fi" class="solr.TextField" positionIncrementGap="100">
    <analyzer>
      <tokenizer name="standard"/>
      <filter name="lowercase"/>
      <filter words="lang/stopwords_fi.txt" name="stop" format="snowball" ignoreCase="true"/>
      <filter language="Finnish" name="snowballPorter"/>
    </analyzer>
  </fieldType>
  <fieldType name="text_fr" class="solr.TextField" positionIncrementGap="100">
    <analyzer>
      <tokenizer name="standard"/>
      <filter articles="lang/contractions_fr.txt" name="elision" ignoreCase="true"/>
      <filter name="lowercase"/>
      <filter words="lang/stopwords_fr.txt" name="stop" format="snowball" ignoreCase="true"/>
      <filter name="frenchLightStem"/>
    </analyzer>
  </fieldType>
  <fieldType name="text_ga" class="solr.TextField" positionIncrementGap="100">
    <analyzer>
      <tokenizer name="standard"/>
      <filter articles="lang/contractions_ga.txt" name="elision" ignoreCase="true"/>
      <filter name="stop" ignoreCase="true" words="lang/hyphenations_ga.txt"/>
      <filter name="irishLowercase"/>
      <filter name="stop" ignoreCase="true" words="lang/stopwords_ga.txt"/>
      <filter language="Irish" name="snowballPorter"/>
    </analyzer>
  </fieldType>
  <fieldType name="text_gen_sort" class="solr.SortableTextField" positionIncrementGap="100" multiValued="true">
    <analyzer type="index">
      <tokenizer name="standard"/>
      <filter name="stop" ignoreCase="true" words="stopwords.txt"/>
      <filter name="lowercase"/>
    </analyzer>
    <analyzer type="query">
      <tokenizer name="standard"/>
      <filter name="stop" ignoreCase="true" words="stopwords.txt"/>
      <filter synonyms="synonyms.txt" name="synonymGraph" expand="true" ignoreCase="true"/>
      <filter name="lowercase"/>
    </analyzer>
  </fieldType>
  <fieldType name="text_general" class="solr.TextField" positionIncrementGap="100" multiValued="true">
    <analyzer type="index">
      <tokenizer name="standard"/>
      <filter name="stop" ignoreCase="true" words="stopwords.txt"/>
      <filter name="lowercase"/>
    </analyzer>
    <analyzer type="query">
      <tokenizer name="standard"/>
      <filter name="stop" ignoreCase="true" words="stopwords.txt"/>
      <filter synonyms="synonyms.txt" name="synonymGraph" expand="true" ignoreCase="true"/>
      <filter name="lowercase"/>
    </analyzer>
  </fieldType>
  <fieldType name="text_general_rev" class="solr.TextField" positionIncrementGap="100">
    <analyzer type="index">
      <tokenizer name="standard"/>
      <filter name="stop" ignoreCase="true" words="stopwords.txt"/>
      <filter name="lowercase"/>
      <filter withOriginal="true" maxPosAsterisk="3" maxFractionAsterisk="0.33" name="reversedWildcard" maxPosQuestion="2"/>
    </analyzer>
    <analyzer type="query">
      <tokenizer name="standard"/>
      <filter synonyms="synonyms.txt" name="synonymGraph" expand="true" ignoreCase="true"/>
      <filter name="stop" ignoreCase="true" words="stopwords.txt"/>
      <filter name="lowercase"/>
    </analyzer>
  </fieldType>
  <fieldType name="text_gl" class="solr.TextField" positionIncrementGap="100">
    <analyzer>
      <tokenizer name="standard"/>
      <filter name="lowercase"/>
      <filter name="stop" ignoreCase="true" words="lang/stopwords_gl.txt"/>
      <filter name="galicianStem"/>
    </analyzer>
  </fieldType>
  <fieldType name="text_hi" class="solr.TextField" positionIncrementGap="100">
    <analyzer>
      <tokenizer name="standard"/>
      <filter name="lowercase"/>
      <filter name="indicNormalization"/>
      <filter name="hindiNormalization"/>
      <filter name="stop" ignoreCase="true" words="lang/stopwords_hi.txt"/>
      <filter name="hindiStem"/>
    </analyzer>
  </fieldType>
  <fieldType name="text_hu" class="solr.TextField" positionIncrementGap="100">
    <analyzer>
      <tokenizer name="standard"/>
      <filter name="lowercase"/>
      <filter words="lang/stopwords_hu.txt" name="stop" format="snowball" ignoreCase="true"/>
      <filter language="Hungarian" name="snowballPorter"/>
    </analyzer>
  </fieldType>
  <fieldType name="text_hy" class="solr.TextField" positionIncrementGap="100">
    <analyzer>
      <tokenizer name="standard"/>
      <filter name="lowercase"/>
      <filter name="stop" ignoreCase="true" words="lang/stopwords_hy.txt"/>
      <filter language="Armenian" name="snowballPorter"/>
    </analyzer>
  </fieldType>
  <fieldType name="text_id" class="solr.TextField" positionIncrementGap="100">
    <analyzer>
      <tokenizer name="standard"/>
      <filter name="lowercase"/>
      <filter name="stop" ignoreCase="true" words="lang/stopwords_id.txt"/>
      <filter stemDerivational="true" name="indonesianStem"/>
    </analyzer>
  </fieldType>
  <fieldType name="text_it" class="solr.TextField" positionIncrementGap="100">
    <analyzer>
      <tokenizer name="standard"/>
      <filter articles="lang/contractions_it.txt" name="elision" ignoreCase="true"/>
      <filter name="lowercase"/>
      <filter words="lang/stopwords_it.txt" name="stop" format="snowball" ignoreCase="true"/>
      <filter name="italianLightStem"/>
    </analyzer>
  </fieldType>
  <fieldType name="text_ja" class="solr.TextField" autoGeneratePhraseQueries="false" positionIncrementGap="100">
    <analyzer>
      <tokenizer name="japanese" mode="search"/>
      <filter name="japaneseBaseForm"/>
      <filter tags="lang/stoptags_ja.txt" name="japanesePartOfSpeechStop"/>
      <filter name="cjkWidth"/>
      <filter name="stop" ignoreCase="true" words="lang/stopwords_ja.txt"/>
      <filter name="japaneseKatakanaStem" minimumLength="4"/>
      <filter name="lowercase"/>
    </analyzer>
  </fieldType>
  <fieldType name="text_ko" class="solr.TextField" positionIncrementGap="100">
    <analyzer>
      <tokenizer decompoundMode="discard" outputUnknownUnigrams="false" name="korean"/>
      <filter name="koreanPartOfSpeechStop"/>
      <filter name="koreanReadingForm"/>
      <filter name="lowercase"/>
    </analyzer>
  </fieldType>
  <fieldType name="text_lv" class="solr.TextField" positionIncrementGap="100">
    <analyzer>
      <tokenizer name="standard"/>
      <filter name="lowercase"/>
      <filter name="stop" ignoreCase="true" words="lang/stopwords_lv.txt"/>
      <filter name="latvianStem"/>
    </analyzer>
  </fieldType>
  <fieldType name="text_nl" class="solr.TextField" positionIncrementGap="100">
    <analyzer>
      <tokenizer name="standard"/>
      <filter name="lowercase"/>
      <filter words="lang/stopwords_nl.txt" name="stop" format="snowball" ignoreCase="true"/>
      <filter dictionary="lang/stemdict_nl.txt" name="stemmerOverride" ignoreCase="false"/>
      <filter language="Dutch" name="snowballPorter"/>
    </analyzer>
  </fieldType>
  <fieldType name="text_no" class="solr.TextField" positionIncrementGap="100">
    <analyzer>
      <tokenizer name="standard"/>
      <filter name="lowercase"/>
      <filter words="lang/stopwords_no.txt" name="stop" format="snowball" ignoreCase="true"/>
      <filter language="Norwegian" name="snowballPorter"/>
    </analyzer>
  </fieldType>
  <fieldType name="text_pt" class="solr.TextField" positionIncrementGap="100">
    <analyzer>
      <tokenizer name="standard"/>
      <filter name="lowercase"/>
      <filter words="lang/stopwords_pt.txt" name="stop" format="snowball" ignoreCase="true"/>
      <filter name="portugueseLightStem"/>
    </analyzer>
  </fieldType>
  <fieldType name="text_ro" class="solr.TextField" positionIncrementGap="100">
    <analyzer>
      <tokenizer name="standard"/>
      <filter name="lowercase"/>
      <filter name="stop" ignoreCase="true" words="lang/stopwords_ro.txt"/>
      <filter language="Romanian" name="snowballPorter"/>
    </analyzer>
  </fieldType>
  <fieldType name="text_ru" class="solr.TextField" positionIncrementGap="100">
    <analyzer>
      <tokenizer name="standard"/>
      <filter name="lowercase"/>
      <filter words="lang/stopwords_ru.txt" name="stop" format="snowball" ignoreCase="true"/>
      <filter language="Russian" name="snowballPorter"/>
    </analyzer>
  </fieldType>
  <fieldType name="text_sv" class="solr.TextField" positionIncrementGap="100">
    <analyzer>
      <tokenizer name="standard"/>
      <filter name="lowercase"/>
      <filter words="lang/stopwords_sv.txt" name="stop" format="snowball" ignoreCase="true"/>
      <filter language="Swedish" name="snowballPorter"/>
    </analyzer>
  </fieldType>
  <fieldType name="text_th" class="solr.TextField" positionIncrementGap="100">
    <analyzer>
      <tokenizer name="thai"/>
      <filter name="lowercase"/>
      <filter name="stop" ignoreCase="true" words="lang/stopwords_th.txt"/>
    </analyzer>
  </fieldType>
  <fieldType name="text_tr" class="solr.TextField" positionIncrementGap="100">
    <analyzer>
      <tokenizer name="standard"/>
      <filter name="turkishLowercase"/>
      <filter name="stop" ignoreCase="false" words="lang/stopwords_tr.txt"/>
      <filter language="Turkish" name="snowballPorter"/>
    </analyzer>
  </fieldType>
  <fieldType name="text_ws" class="solr.TextField" positionIncrementGap="100">
    <analyzer>
      <tokenizer name="whitespace"/>
    </analyzer>
  </fieldType>
  <field name="_nest_path_" type="_nest_path_"/>
  <field name="_root_" type="string" docValues="false" indexed="true" stored="false"/>
  <field name="_text_" type="text_general" multiValued="true" indexed="true" stored="false"/>
  <field name="_version_" type="plong" indexed="false" stored="false"/>
  <field name="chunk-vector" type="chunk-vector_384" indexed="true" stored="true"/>
  <field name="chunk" type="text_general"/>
  <field name="chunk-number" type="pint"/>
  <field name="crawl-id" type="string"/>
  <field name="crawl-date" type="pdate"/>
  <field name="creation-date" type="pdate"/>
  <field name="doc-id" type="string"/>
  <field name="id" type="string" multiValued="false" indexed="true" required="true" stored="true"/>
  <field name="parent-collection" type="string"/>
  <field name="parent-field-name" type="string"/>
  <field name="parent-id" type="string"/>
</schema>
